ticker,start_date,end_date
UTX,1996-01-02,2020-04-03
BFO,1996-01-02,2000-10-03
D,1996-01-02,
SHW,1996-01-02,
CSX,1996-01-02,
BLS,1996-01-02,2007-01-03
KRB,1996-01-02,2006-01-03
FCX,1996-01-02,
WY,1996-01-02,
CPQ,1996-01-02,2002-05-06
LPX,1996-01-02,2006-11-10
OMX,1996-01-02,2008-06-23
FWLT,1996-01-02,2000-01-31
USB,1996-01-02,
CCTYQ,1996-01-02,2008-03-31
CLX,1996-01-02,
PCAR,1996-01-02,
DTE,1996-01-02,
BMY,1996-01-02,
CBE,1996-01-02,2009-09-09
FBF,1996-01-02,2004-04-01
VFC,1996-01-02,2024-04-03
UAWGQ,1996-01-02,2002-05-15
FL,1996-01-02,1999-01-04
FDC,1996-01-02,2007-09-25
GT,1996-01-02,2019-02-27
BAC,1996-01-02,
PPW,1996-01-02,1999-11-30
BAX,1996-01-02,
MNR,1996-01-02,1998-09-28
GLK,1996-01-02,2005-07-05
DE,1996-01-02,
LOW,1996-01-02,
RNB,1996-01-02,2000-01-03
PNU,1996-01-02,2000-04-03
ATI,1996-01-02,2015-07-02
PZE,1996-01-02,1998-12-31
AR,1996-01-02,1999-10-27
BOAT,1996-01-02,1997-01-07
TDM,1996-01-02,1997-09-02
GRA,1996-01-02,2000-12-11
INTC,1996-01-02,
NC,1996-01-02,2000-06-05
RTN,1996-01-02,2020-04-06
TJX,1996-01-02,
CAT,1996-01-02,
SFS,1996-01-02,1997-07-28
ETR,1996-01-02,
PKI,1996-01-02,2023-05-16
HPQ,1996-01-02,
MTLQQ,1996-01-02,2009-06-03
JCP,1996-01-02,2013-12-02
KO,1996-01-02,
CRR,1996-01-02,1997-05-27
TRV,1996-01-02,
T,1996-01-02,
CG,1996-01-02,2000-11-02
WWY,1996-01-02,2008-10-07
WNDXQ,1996-01-02,2004-12-03
ANV,1996-01-02,1999-04-12
MS,1996-01-02,
IP,1996-01-02,
PD,1996-01-02,2007-03-20
FBO,1996-01-02,1996-03-13
CPB,1996-01-02,
LSI,1996-01-02,2014-05-07
LUB,1996-01-02,1997-01-02
WFC,1996-01-02,
CSCO,1996-01-02,
GPU,1996-01-02,2001-11-07
CVX,1996-01-02,
COV,1996-01-02,1996-08-16
TEN,1996-01-02,1999-11-05
DUK,1996-01-02,
KRI,1996-01-02,2006-06-28
NEE,1996-01-02,
KBH,1996-01-02,2009-12-21
OM,1996-01-02,1996-10-01
WAI,1996-01-02,1998-08-11
HI,1996-01-02,2003-03-31
HPC,1996-01-02,2008-11-14
AGN,1996-01-02,2020-05-12
CI,1996-01-02,
KEY,1996-01-02,
CMCSA,1996-01-02,
CNW,1996-01-02,1996-12-03
CFL,1996-01-02,1998-04-28
FJ,1996-01-02,2000-11-24
SB,1996-01-02,1997-11-28
HSY,1996-01-02,
FLTWQ,1996-01-02,2000-01-31
GP,1996-01-02,2005-12-20
HRS,1996-01-02,1999-11-08
COMS,1996-01-02,2000-07-28
ED,1996-01-02,
MII,1996-01-02,1999-06-22
AMD,1996-01-02,2013-09-23
CMI,1996-01-02,
NOC,1996-01-02,
GDW,1996-01-02,2006-10-02
ASH,1996-01-02,2008-11-14
PET,1996-01-02,1998-06-29
JP,1996-01-02,2006-04-03
DDS,1996-01-02,2008-10-22
ABX,1996-01-02,2002-07-22
LDG,1996-01-02,2001-07-02
CMA,1996-01-02,2024-06-24
AGC,1996-01-02,2001-08-29
OXY,1996-01-02,
ECO,1996-01-02,1998-01-20
AHM,1996-01-02,1998-10-01
GE,1996-01-02,
JNJ,1996-01-02,
MMC,1996-01-02,
HUM,1996-01-02,
GLD,1996-01-02,1997-05-06
SMS,1996-01-02,2000-06-08
H,1996-01-02,2001-06-29
UCL,1996-01-02,2005-08-11
KM,1996-01-02,2002-01-17
CHRS,1996-01-02,1998-04-08
PNC,1996-01-02,
ABI,1996-01-02,2008-11-24
RBD,1996-01-02,1999-03-25
ITW,1996-01-02,
EC,1996-01-02,2006-06-06
MER,1996-01-02,2009-01-02
UCC,1996-01-02,1999-05-03
ABT,1996-01-02,
PPL,1996-01-02,
PPG,1996-01-02,
DLX,1996-01-02,2004-12-20
RML,1996-01-02,2000-12-12
BDX,1996-01-02,
BEV,1996-01-02,1997-12-04
RYI,1996-01-02,1998-07-01
BUD,1996-01-02,2008-11-18
VZ,1996-01-02,
AIG,1996-01-02,
C,1996-01-02,
PBY,1996-01-02,2000-04-03
FMC,1996-01-02,2002-01-02
FTL.A,1996-01-02,1999-10-01
PFE,1996-01-02,
USS,1996-01-02,1998-10-02
UST,1996-01-02,2009-01-06
LOR,1996-01-02,1996-04-23
PCH,1996-01-02,2001-07-09
ECH,1996-01-02,1998-07-10
PBI,1996-01-02,2017-03-01
CR,1996-01-02,2004-12-20
CYM,1996-01-02,1999-10-18
CNP,1996-01-02,
BLL,1996-01-02,2022-05-10
BEAM,1996-01-02,2014-05-01
BDK,1996-01-02,2010-03-15
PHA,1996-01-02,2003-04-16
AMGN,1996-01-02,
CBS,1996-01-02,2019-12-05
MEE,1996-01-02,2000-12-22
RYAN,1996-01-02,1997-01-02
SGID,1996-01-02,2000-06-21
NWL,1996-01-02,2023-09-18
UK,1996-01-02,2001-02-07
MYG,1996-01-02,2006-04-03
PAS,1996-01-02,1998-01-30
JAVA,1996-01-02,2010-01-27
BT,1996-01-02,1999-06-04
CA,1996-01-02,2018-11-06
RAD,1996-01-02,2000-07-27
NMK,1996-01-02,2002-02-01
BCR,1996-01-02,2017-12-29
HAL,1996-01-02,
SGP,1996-01-02,2009-11-04
HRB,1996-01-02,2020-09-21
MU,1996-01-02,
DWD,1996-01-02,1997-06-02
HPH,1996-01-02,1999-06-09
HET,1996-01-02,2008-01-29
SO,1996-01-02,
NYN,1996-01-02,1997-08-15
PGL,1996-01-02,2007-02-22
DOW,1996-01-02,2017-09-01
WOR,1996-01-02,2004-12-20
CTX,1996-01-02,2009-08-19
PGN,1996-01-02,2012-07-02
ADP,1996-01-02,
MAY,1996-01-02,2005-08-29
MIL,1996-01-02,2010-07-15
UNM,1996-01-02,2021-09-20
TXN,1996-01-02,
HON,1996-01-02,
TMC.A,1996-01-02,2000-06-13
XOM,1996-01-02,
AMH,1996-01-02,1997-09-15
WBD,2022-04-11,
CTB,1996-01-02,2006-07-18
AZA.A,1996-01-02,2001-06-25
TA,1996-01-02,1999-07-22
ARNC,1996-01-02,2020-04-06
STI,1996-01-02,2019-12-09
DCNAQ,1996-01-02,2006-03-03
KMB,1996-01-02,
ASC,1996-01-02,1999-06-24
AAMRQ,1996-01-02,2003-03-14
FNMA,1996-01-02,2008-09-11
MCO,1996-01-02,
AEP,1996-01-02,
CEN,1996-01-02,2001-04-02
GD,1996-01-02,
RDS.A,1996-01-02,2002-07-22
MWI,1996-01-02,1999-05-28
MEA,1996-01-02,2002-01-30
PEG,1996-01-02,
UIS,1996-01-02,2008-11-11
UNP,1996-01-02,
WMT,1996-01-02,
HLT,1996-01-02,2007-10-25
TMC,1996-01-02,2000-06-13
BR,1996-01-02,2006-04-03
ADM,1996-01-02,
DEC,1996-01-02,1998-06-12
STO,1996-01-02,1998-11-18
CNG,1996-01-02,2000-01-31
PG,1996-01-02,
TEK,1996-01-02,2007-11-16
TGNA,1996-01-02,2017-06-02
TRB,1996-01-02,2007-12-21
STJ,1996-01-02,2017-01-05
ETS,1996-01-02,2001-08-06
CHA,1996-01-02,2000-06-19
MO,1996-01-02,
CL,1996-01-02,
KATE,1996-01-02,2008-12-02
CEG,1996-01-02,2012-03-13
WEN,1996-01-02,2008-09-30
CCK,1996-01-02,2000-12-11
AEE,1996-01-02,
CBB,1996-01-02,1998-01-28
WHR,1996-01-02,2024-03-18
AMAT,1996-01-02,
AVY,1996-01-02,
CCI,1996-01-02,1998-10-08
IR,1996-01-02,2009-07-01
OAT,1996-01-02,2001-08-03
BCO,1996-01-02,1996-01-22
ETN,1996-01-02,
CAG,1996-01-02,
ROK,1996-01-02,
MST,1996-01-02,1998-08-14
DIS,1996-01-02,
MDP,1996-01-02,2011-01-04
PHB,1996-01-02,1999-10-04
AS,1996-01-02,1998-11-24
RAL,1996-01-02,2001-12-13
COST,1996-01-02,
NAE,1996-01-02,1997-08-07
NUE,1996-01-02,
UNH,1996-01-02,
NLC,1996-01-02,1999-08-02
MDR,1996-01-02,2003-08-20
SAF,1996-01-02,2008-09-23
GR,1996-01-02,2012-07-27
ABS,1996-01-02,2006-06-02
HDLM,1996-01-02,1996-03-08
PCG,1996-01-02,2019-01-18
WMB,1996-01-02,
RDC,1996-01-02,2014-08-19
ACV,1996-01-02,2006-11-17
AET,1996-01-02,2018-11-29
AN,1996-01-02,1999-01-04
MD,1996-01-02,1997-08-01
MOB,1996-01-02,1999-12-01
DGN,1996-01-02,1999-10-13
LNC,1996-01-02,2023-09-18
I,1996-01-02,1996-04-01
RYC,1996-01-02,1999-08-13
MCD,1996-01-02,
MSFT,1996-01-02,
HM,1996-01-02,2001-12-17
IKN,1996-01-02,2000-06-29
R,1996-01-02,2017-06-19
ORCL,1996-01-02,
K,1996-01-02,
WYE,1996-01-02,2009-10-16
WMX,1996-01-02,1998-07-17
VAT,1996-01-02,1996-09-06
DXC,1996-01-02,2015-12-01
IBM,1996-01-02,
PEP,1996-01-02,
USW,1996-01-02,2000-07-03
SPGI,1996-01-02,
CCB,1996-01-02,1996-02-12
KMG,1996-01-02,2006-08-11
WLA,1996-01-02,2000-06-20
ONE,1996-01-02,2004-07-01
SFA,1996-01-02,2006-02-27
JCI,1996-01-02,
CIN,1996-01-02,2006-04-03
LLY,1996-01-02,
TGT,1996-01-02,
GAPTQ,1996-01-02,2000-08-30
PH,1996-01-02,
BGG,1996-01-02,2001-04-03
INGR,1996-01-02,1997-07-28
SLB,1996-01-02,
PEL,1996-01-02,1997-06-19
TXU,1996-01-02,2007-10-10
ALL,1996-01-02,
RBK,1996-01-02,2006-02-01
MAT,1996-01-02,2019-06-07
HP,1996-01-02,1999-12-31
BC,1996-01-02,2008-06-23
AAL,1996-01-02,1997-01-15
DIGI,1996-01-02,1998-08-28
TIN,1996-01-02,2007-12-31
TKR,1996-01-02,2001-08-07
NOVL,1996-01-02,2011-04-28
DALRQ,1996-01-02,2005-08-19
DJ,1996-01-02,2007-12-14
CYR,1996-01-02,1996-03-28
TNB,1996-01-02,2004-08-03
EIX,1996-01-02,
BHGE,1996-01-02,2019-10-18
PRD,1996-01-02,2000-12-12
GAS,1996-01-02,2011-12-12
MZIAQ,1996-01-02,2000-06-29
COP,1996-01-02,
BOL,1996-01-02,2007-10-29
FMCC,1996-01-02,2008-09-11
EKDKQ,1996-01-02,2010-12-20
BMS,1996-01-02,2014-12-05
IPG,1996-01-02,
AL,1996-01-02,2002-07-22
JH,1996-01-02,1998-04-01
EXC,1996-01-02,
APD,1996-01-02,
OWENQ,1996-01-02,2000-10-02
NKE,1996-01-02,
ACKH,1996-01-02,2000-11-17
PDG,1996-01-02,2002-07-22
ENS,1996-01-02,1997-08-06
EMN,1996-01-02,
HCA,1996-01-02,2006-11-20
SNA,1996-01-02,
TX,1996-01-02,2001-10-10
M,1996-01-02,2020-04-06
CMB,1996-01-02,1996-04-01
MWV,1996-01-02,2015-07-02
CB,1996-01-02,
S,1996-01-02,2013-07-09
CVS,1996-01-02,
DI,1996-01-02,1998-09-30
JPM,1996-01-02,
HIG,1996-01-02,
IFF,1996-01-02,
SRR,1996-01-02,1997-10-07
BKB,1996-01-02,1999-10-01
HAS,1996-01-02,
TOY,1996-01-02,2005-07-22
X,1996-01-02,2014-07-02
TAP,1996-01-02,
TWX,1996-01-02,2018-06-15
BBI,1996-01-02,1998-01-12
HD,1996-01-02,
INCLF,1996-01-02,2002-07-22
CAR,1996-01-02,2006-08-01
MEL,1996-01-02,2007-07-02
AM,1996-01-02,2004-05-03
CSR,1996-01-02,2000-06-16
LUV,1996-01-02,
USH,1996-01-02,1997-06-18
GWF,1996-01-02,1997-07-02
XEL,1996-01-02,
FG,1996-01-02,1998-04-27
HSH,1996-01-02,2012-06-29
MKG,1996-01-02,2000-10-18
SIAL,1996-01-02,2015-11-18
GRN,1996-01-02,1998-12-22
NRTLQ,1996-01-02,2002-07-22
NCC,1996-01-02,2009-01-02
RRD,1996-01-02,2012-12-12
SCI,1996-01-02,2000-03-16
USBC,1996-01-02,1997-08-04
SVU,1996-01-02,2012-05-01
MSI,1996-01-02,
LMT,1996-01-02,
DOV,1996-01-02,
VO,1996-01-02,2000-12-11
LB,1996-01-02,2021-08-03
ROH,1996-01-02,2009-04-02
BSX,1996-01-02,
LLX,1996-01-02,1997-10-23
MAS,1996-01-02,
MRK,1996-01-02,
FLMIQ,1996-01-02,1997-12-24
GLW,1996-01-02,
DRI,1996-01-02,
SK,1996-01-02,1998-04-01
GSX,1996-01-02,1998-10-07
HES,1996-01-02,
MRO,1996-01-02,2024-11-26
YRCW,1996-01-02,1996-11-04
AAPL,1996-01-02,
AXP,1996-01-02,
GWW,1996-01-02,
CGP,1996-01-02,2001-01-30
THC,1996-01-02,2016-04-18
TMK,1996-01-02,2019-08-08
ITT,1996-01-02,2011-11-01
TLAB,1996-01-02,2011-12-21
GIS,1996-01-02,
TXT,1996-01-02,
WB,1996-01-02,2009-01-02
THY,1996-01-02,1996-10-16
ECL,1996-01-02,
FCN,1996-01-02,1998-10-02
PAC,1996-01-02,1997-04-01
ARC,1996-01-02,2000-04-18
OKE,1996-01-02,2001-08-30
SYY,1996-01-02,
NSC,1996-01-02,
PVN,1996-01-02,2005-10-03
WBA,1996-01-02,
SUN,1996-01-02,2012-10-05
SWK,1996-01-02,
UN,1996-01-02,2002-07-22
NYT,1996-01-02,2010-12-20
L,1996-01-02,
SNT,1996-01-02,1999-10-26
JWN,1996-01-02,2020-06-22
BNL,1996-01-02,1998-07-01
SMI,1996-01-02,2000-12-12
UCM,1996-01-02,2000-10-23
BA,1996-01-02,
G,1996-01-02,2005-10-03
AT,1996-01-02,2007-11-19
MDT,1996-01-02,
TCOMA,1996-01-02,1999-03-10
GIDL,1996-01-02,1997-07-17
NEM,1996-01-02,
BMET,1996-01-02,2007-07-12
GTE,1996-01-02,2000-07-03
PX,1996-01-02,2018-10-31
NSM,1996-01-02,2011-09-26
F,1996-01-02,
ADSK,1996-01-02,
GPS,1996-01-02,2022-02-02
BF.B,1996-01-02,
NSI,1996-01-02,2001-12-03
SHN,1996-01-02,1997-01-02
PMI,1996-01-02,1996-05-31
FDX,1996-01-02,
BK,1996-01-02,
RSHCQ,1996-01-02,2011-07-01
EFU,1996-01-02,2000-11-02
MCIC,1996-01-02,1998-09-15
WLL,1996-01-02,2002-02-11
GPC,1996-01-02,
DD,1996-01-02,2017-09-01
ORX,1996-01-02,1999-03-01
GFS.A,1996-01-02,1998-07-16
HNZ,1996-01-02,2013-06-07
RLM,1996-01-02,2000-05-04
JOS,1996-01-02,2000-05-10
KR,1996-01-02,
NAV,1996-01-02,2006-12-20
BLY,1996-01-02,1996-12-19
USHC,1996-01-02,1996-07-19
CAL,1996-01-02,1996-07-22
EMR,1996-01-02,
BNI,1996-01-02,2010-02-16
UMG,1996-01-02,2000-06-15
LDW.B,1996-01-02,1999-12-08
TRW,1996-01-02,2002-12-12
BFI,1996-01-02,1999-08-02
FE,1996-01-02,
XRX,1996-01-02,2021-03-22
PHM,1996-01-02,
BHMSQ,1996-01-02,2000-12-11
KWP,1996-01-02,1999-11-16
AIT,1996-01-02,1999-10-11
AMP,1996-01-02,1999-04-05
ENRNQ,1996-01-02,2001-11-30
MMM,1996-01-02,
PLL,1996-01-02,2015-08-31
ANDW,1996-01-02,2006-10-02
AVP,1996-01-02,2015-03-23
CSE,1996-01-22,1999-11-15
BAY,1996-02-12,1998-08-31
FITB,1996-03-08,
GNT,1996-03-13,1998-07-01
EMC,1996-03-28,2016-09-07
NLV,1996-04-01,2000-01-06
WCOEQ,1996-04-01,2002-05-15
AON,1996-04-23,
TUP,1996-05-31,2004-03-25
MTG,1996-07-19,2008-10-31
BMGCA,1996-07-22,1999-08-09
HFS,1996-08-16,1997-12-18
SEG,1996-08-16,2000-11-22
DELL,1996-09-06,2013-10-29
LU,1996-10-01,2006-12-01
UPR,1996-10-16,2000-07-17
RX,1996-11-04,2010-02-26
MBI,1996-12-03,2009-12-21
GDT,1996-12-19,2006-04-24
FRO,1997-01-02,1999-09-29
TMO,1997-01-02,
AZO,1997-01-02,
EHC,1997-01-08,2003-03-21
CNC,1997-01-15,2002-07-25
PTC,1997-04-03,2007-01-03
ADBE,1997-05-06,
CAH,1997-05-27,
SCHW,1997-06-02,
CFC,1997-06-18,2008-07-01
EFX,1997-06-19,
WAMUQ,1997-07-02,2008-09-30
SAI,1997-07-17,1999-01-04
APC,1997-07-28,2019-08-09
APA,1997-07-28,
PGR,1997-08-04,
OI,1997-08-04,2000-12-11
HBAN,1997-08-06,
MIR,1997-08-07,2000-06-01
STT,1997-08-18,
CCU,1997-09-02,2008-07-31
KLAC,1997-09-15,
YUM,1997-10-07,
HBOC,1997-10-23,1999-01-13
SNV,1997-12-01,2008-01-02
BBT,1997-12-04,2019-12-09
CINF,1997-12-18,
OMC,1997-12-24,
LEHMQ,1998-01-12,2008-09-17
BIG,1998-01-20,2013-02-14
SUB,1998-01-28,2001-03-01
NTRS,1998-01-30,
MTL,1998-02-23,1999-09-20
NXTL,1998-04-01,2005-08-15
SEE,1998-04-01,2023-10-18
AFS.A,1998-04-08,2000-12-01
GTW,1998-04-27,2006-08-01
BEN,1998-04-29,
MAR,1998-05-21,
ASND,1998-06-12,1999-06-25
SRE,1998-06-29,
SLM,1998-07-01,2014-05-01
COF,1998-07-01,
BSC,1998-07-01,2008-06-02
FMY,1998-07-10,1999-05-28
DG,1998-07-16,2007-07-09
WM,1998-07-17,
EDS,1998-08-11,2008-08-26
KSS,1998-08-14,2020-09-21
RF,1998-08-28,
PVT,1998-08-31,1999-07-01
NGH,1998-09-16,2000-12-12
HCR,1998-09-28,2007-11-09
UPC,1998-10-01,2004-07-01
PAYX,1998-10-01,
BMC,1998-10-01,2013-09-11
AES,1998-10-02,
PSFT,1998-10-02,2004-12-29
SPLS,1998-10-07,2017-09-13
CCE,1998-10-08,2016-05-31
NCE,1998-11-03,2000-08-21
SWY,1998-11-13,2015-01-27
DHR,1998-11-18,
PCS,1998-11-24,2004-04-23
CCL,1998-12-22,
SLR,1998-12-31,2007-10-02
CPWR,1999-01-04,2012-01-03
MCK,1999-01-13,
SOTR,1999-03-01,2004-11-01
ASO,1999-03-10,2006-11-06
CTL,1999-03-25,2020-09-18
KSU,1999-04-05,2000-07-13
CMS,1999-05-03,
AFL,1999-05-28,
DPHIQ,1999-05-28,2005-10-11
PWJ,1999-06-04,2000-11-06
WLP,1999-06-09,2004-12-01
FPC,1999-06-22,2000-12-01
ODP,1999-06-24,2010-12-20
NTAP,1999-06-25,
BBY,1999-06-30,
VMC,1999-07-01,
QCOM,1999-07-22,
ADCT,1999-08-02,2007-07-02
AW,1999-08-02,2008-12-05
COC.B,1999-08-09,2002-09-03
LXK,1999-08-13,2012-10-01
TOS,1999-09-20,2001-09-17
GX,1999-09-29,2001-10-10
BBBY,1999-10-01,2017-07-26
SXCL,1999-10-01,2001-05-14
PNW,1999-10-04,
ADI,1999-10-12,
TROW,1999-10-13,
LEG,1999-10-18,2021-12-20
EP,1999-10-26,2012-05-25
CMVT,1999-10-27,2007-02-01
PTV,1999-11-05,2010-11-17
XLNX,1999-11-08,2022-02-15
TER,1999-11-15,2013-12-23
QTRN,1999-11-16,2003-09-26
CTXS,1999-12-01,2022-10-03
MOLX,1999-12-01,2013-12-09
OK,1999-12-02,2001-04-02
AABA,1999-12-08,2017-06-19
RIG,1999-12-31,2008-12-19
NCR,2000-01-04,2007-10-01
YNR,2000-01-06,2000-10-03
CNXT,2000-01-31,2002-06-26
HOG,2000-01-31,2020-06-22
BGEN,2000-01-31,2003-11-13
TSG,2000-03-16,2007-04-02
VRTS,2000-04-03,2005-07-05
LLTC,2000-04-03,2017-03-13
ALTR,2000-04-18,2015-12-28
SAPE,2000-05-05,2002-05-13
SEBL,2000-05-05,2006-02-01
MXIM,2000-05-10,2007-09-27
APCC,2000-06-01,2007-02-15
A,2000-06-05,
SBUX,2000-06-08,
CVG,2000-06-13,2009-12-21
MEDI,2000-06-16,2007-06-01
CF,2000-06-19,2004-09-01
NVLS,2000-06-19,2012-06-05
TIF,2000-06-21,2021-01-07
SANM,2000-06-21,2007-07-02
VSTNQ,2000-06-29,2006-01-03
MERQ,2000-06-29,2006-01-04
BRCM,2000-07-03,2016-02-01
Q,2000-07-06,2011-04-01
JNS,2000-07-13,2011-11-23
CIT.A,2000-07-17,2001-06-04
VIAV,2000-07-27,2013-12-23
PALM,2000-07-28,2002-08-14
KSE,2000-08-21,2007-08-27
DVN,2000-08-30,
AV,2000-10-02,2007-10-26
KG,2000-10-03,2010-12-20
DYN,2000-10-03,2009-12-21
NBR,2000-10-18,2015-03-23
PWER,2000-10-23,2005-03-14
EOG,2000-11-02,
NI,2000-11-02,
BVSN,2000-11-06,2001-09-04
HOT,2000-11-17,2016-09-23
FRX,2000-11-22,2014-07-01
CHIR,2000-11-24,2006-04-20
CPNLQ,2000-12-01,2005-12-02
RHI,2000-12-05,2024-06-24
INTU,2000-12-11,
AYE,2000-12-11,2011-02-28
SBL,2000-12-11,2007-01-10
MET,2000-12-11,
ABKFQ,2000-12-11,2008-06-11
KMI,2000-12-12,2007-05-31
VTSS,2000-12-12,2002-08-21
QLGC,2000-12-12,2011-01-18
SYK,2000-12-12,
FLR,2000-12-22,2019-06-03
AMCC,2001-01-02,2006-05-18
NE,2001-01-16,2009-03-27
JBL,2001-01-30,2014-11-05
UVN,2001-02-07,2007-03-29
FTR,2001-02-27,2017-03-20
CTAS,2001-03-01,
FISV,2001-04-02,2023-06-07
CE,2001-04-02,2004-02-27
MIR,2001-04-03,2003-07-17
PBG,2001-05-14,2010-03-01
MWW,2001-06-04,2011-12-19
ZION,2001-06-25,2024-03-18
JHF,2001-06-29,2004-04-29
COL,2001-07-02,2018-11-27
AWE,2001-07-09,2004-10-27
PMCS,2001-08-03,2007-07-02
FDO,2001-08-06,2015-07-07
ZBH,2001-08-07,
CIEN,2001-08-30,2009-12-21
ABC,2001-08-30,2023-08-30
XL,2001-09-04,2018-09-12
IGT,2001-09-04,2014-06-20
IMNX,2001-09-21,2002-07-16
TE,2001-10-10,2016-07-01
EOP,2001-10-10,2007-02-12
HMA,2001-11-07,2007-03-02
NVDA,2001-11-30,
EQR,2001-12-03,
GENZ,2001-12-14,2011-04-04
JNY,2001-12-17,2009-03-04
WAT,2002-01-02,
PCL,2002-01-17,2016-02-22
RATL,2002-02-01,2003-02-21
MI,2002-02-11,2011-07-06
FHN,2002-05-06,2013-06-24
TT,2002-05-13,2008-06-06
APOL,2002-05-15,2013-07-01
BJS,2002-05-15,2010-04-29
SPG,2002-06-26,
NFB,2002-07-17,2006-12-01
GS,2002-07-22,
EBAY,2002-07-22,
PFG,2002-07-22,
EA,2002-07-22,
PRU,2002-07-22,
SDS,2002-07-22,2005-08-12
UPS,2002-07-22,
ANTM,2002-07-25,2022-06-28
MON,2002-08-14,2018-06-07
RAI,2002-09-04,2017-07-25
DGX,2002-12-12,
AN,2003-02-24,2017-08-08
AIV,2003-03-14,2020-12-21
MKC,2003-03-21,
SYMC,2003-03-31,2019-11-05
FII,2003-04-16,2013-01-02
PLD,2003-07-17,
MHS,2003-08-20,2012-04-02
ESRX,2003-09-26,2018-12-21
BIIB,2003-11-13,
MTB,2004-02-27,
CMX,2004-03-25,2007-03-23
ETFC,2004-04-01,2020-10-07
ACS,2004-04-02,2010-02-08
MYL,2004-04-23,2020-11-17
VLO,2004-04-29,
HSP,2004-05-03,2015-09-03
SOV,2004-07-01,2009-01-30
GILD,2004-07-01,
FSH,2004-08-03,2006-11-10
TPR,2004-09-01,
CITGQ,2004-10-27,2009-07-27
LH,2004-11-01,
LLL,2004-12-01,2019-07-01
FSL,2004-12-03,2006-12-04
ASN,2004-12-20,2007-10-08
CBSS,2004-12-20,2007-09-07
FOXA,2004-12-20,
XTO,2004-12-29,2010-06-28
NOV,2005-03-14,2021-09-20
SHLD,2005-03-28,2012-09-05
DHI,2005-07-05,
STZ,2005-07-05,
WFT,2005-07-22,2009-02-26
TSN,2005-08-11,
VNO,2005-08-12,2023-01-04
MUR,2005-08-15,2017-07-26
PSA,2005-08-19,
CVH,2005-08-30,2013-05-07
AMP,2005-10-03,
LEN,2005-10-04,
PDCO,2005-10-11,2018-03-19
AMZN,2005-11-21,
GNW,2005-12-02,2015-11-18
SSP,2005-12-20,2008-07-01
VIAB,2006-01-03,2019-12-05
WFM,2006-01-03,2017-08-28
EL,2006-01-05,
VRSN,2006-02-01,
HAR,2006-02-01,2017-03-13
BRL,2006-02-27,2008-12-23
CHK,2006-03-03,2018-03-19
KIM,2006-04-03,
GOOGL,2006-04-03,
DF,2006-04-03,2013-05-24
BXP,2006-04-03,
SNDK,2006-04-20,2016-05-12
LM,2006-04-24,2016-12-02
EQ,2006-05-18,2009-07-01
JNPR,2006-06-02,2025-07-09
CBH,2006-06-06,2008-03-31
CNX,2006-06-28,2016-03-04
WIN,2006-07-18,2015-04-07
H,2006-08-01,2007-04-10
WYND,2006-08-01,2018-05-31
CME,2006-08-11,
WU,2006-10-02,2021-12-20
SII,2006-10-02,2010-08-27
CELG,2006-11-06,2019-11-21
CBRE,2006-11-10,
FIS,2006-11-10,
CTSH,2006-11-17,
BTUUQ,2006-11-20,2014-09-22
STR,2006-12-01,2010-07-01
IAC,2006-12-01,2008-08-21
DTV,2006-12-04,2015-07-27
TEX,2006-12-20,2008-11-06
SE,2007-01-03,2017-02-27
ESV,2007-01-04,2009-12-23
AVB,2007-01-10,
RL,2007-02-02,
VAR,2007-02-12,2021-04-20
HCBK,2007-02-15,2015-11-02
TEG,2007-02-22,2015-06-30
CHRW,2007-03-02,
HST,2007-03-20,
DDR,2007-03-23,2009-03-30
ANF,2007-03-29,2013-12-23
MDLZ,2007-04-02,
AIZ,2007-04-10,
SUNEQ,2007-05-31,2011-12-19
PCP,2007-06-01,2016-02-01
COV,2007-07-02,2009-06-05
DFS,2007-07-02,2025-05-19
GGP,2007-07-02,2008-11-13
TEL,2007-07-02,2009-06-26
ACAS,2007-07-09,2009-03-04
AKAM,2007-07-12,
JEF,2007-08-27,2019-09-26
MCHP,2007-09-07,
ICE,2007-09-26,
ANDV,2007-09-27,2018-10-01
TDC,2007-10-01,2017-06-19
EXPE,2007-10-02,
NBL,2007-10-08,2020-10-12
EXPD,2007-10-10,
NYX,2007-10-25,2013-11-13
JEC,2007-10-26,2019-12-10
TIE,2007-10-29,2012-12-24
POM,2007-11-09,2016-03-24
MTW,2007-11-16,2009-09-01
AMT,2007-11-19,
GME,2007-12-14,2016-04-25
RRC,2007-12-21,2018-06-18
GHC,2007-12-31,2014-09-22
TSS,2008-01-02,2019-09-23
CAM,2008-01-29,2016-04-04
PM,2008-03-31,
HCP,2008-03-31,2019-11-05
ISRG,2008-06-02,
SWN,2008-06-06,2017-04-04
LO,2008-06-11,2015-06-12
MEE,2008-06-23,2011-06-02
COG,2008-06-23,2021-10-04
SNI,2008-07-01,2018-03-07
AKS,2008-07-01,2011-12-19
MA,2008-07-18,
DVA,2008-07-31,
IVZ,2008-08-21,
CF,2008-08-27,
FAST,2008-09-15,
CRM,2008-09-15,
HRS,2008-09-22,2019-06-01
PXD,2008-09-24,2024-05-08
APH,2008-09-30,
FLS,2008-10-02,2021-03-22
KDP,2008-10-07,2018-07-02
NDAQ,2008-10-22,
WEC,2008-10-31,
SJM,2008-11-06,
PBCT,2008-11-13,2022-04-04
WYNN,2008-11-14,
XRAY,2008-11-14,2024-04-03
CEPH,2008-11-17,2011-10-14
SRCL,2008-11-19,2018-12-03
LIFE,2008-11-24,2014-01-24
DNB,2008-12-02,2017-04-05
RSG,2008-12-05,
EQT,2008-12-19,2018-11-13
MFE,2008-12-23,2011-03-01
SCG,2009-01-02,2019-01-02
OI,2009-01-02,2016-12-02
FLIR,2009-01-02,2021-05-14
IRM,2009-01-06,
WELL,2009-01-30,
DO,2009-02-26,2016-10-03
VTR,2009-03-04,
HRL,2009-03-04,
ES,2009-03-17,
ORLY,2009-03-27,
TWC,2009-03-30,2016-05-18
DNR,2009-04-02,2015-03-23
FTI,2009-06-05,2021-02-12
ATGE,2009-06-09,2012-10-01
TMUS,2009-06-30,2013-05-01
PWR,2009-07-01,
WDC,2009-07-01,
RHT,2009-07-27,2019-07-15
FMC,2009-08-19,2025-04-24
CFN,2009-09-01,2015-03-17
ARG,2009-09-09,2016-05-23
FSLR,2009-10-16,2017-03-20
BKNG,2009-11-06,
CLF,2009-12-21,2014-04-02
LDOS,2009-12-21,2013-09-23
ROST,2009-12-21,
V,2009-12-21,
MJN,2009-12-21,2017-06-15
ROP,2009-12-23,
NRG,2010-01-29,
URBN,2010-02-08,2017-03-20
BRK.B,2010-02-16,
HP,2010-03-01,2020-05-22
DISCA,2010-03-01,2022-04-11
OKE,2010-03-15,
CERN,2010-04-30,2022-06-08
KMX,2010-06-28,
QEP,2010-07-01,2015-07-01
IR,2010-11-17,
CVC,2010-12-20,2016-06-21
NFX,2010-12-20,2019-02-15
FFIV,2010-12-20,
NFLX,2010-12-20,
MMI,2011-01-04,2012-05-22
NE,2011-01-18,2015-07-20
JOY,2011-02-28,2015-10-08
COV,2011-03-01,2015-01-27
EW,2011-04-01,
BLK,2011-04-04,
CMG,2011-04-28,
ANRZQ,2011-06-02,2012-10-02
MPC,2011-07-01,
ACN,2011-07-06,
MOS,2011-09-26,
TEL,2011-10-17,
XYL,2011-11-01,
CBE,2011-11-23,2012-12-03
GAS,2011-12-13,2016-07-01
DLTR,2011-12-19,
BWA,2011-12-19,2025-04-24
PRGO,2011-12-19,2021-09-20
TRIP,2011-12-21,2019-12-23
WPX,2012-01-03,2014-03-24
CCI,2012-03-13,
FOSL,2012-04-04,2016-01-05
PSX,2012-05-01,
KMI,2012-05-25,
ALXN,2012-05-25,2021-07-21
LRCX,2012-06-05,
MNST,2012-06-29,
STX,2012-07-02,
ESV,2012-07-31,2016-03-30
LYB,2012-09-05,
PNR,2012-10-01,
KRFT,2012-10-02,2015-07-06
ADT,2012-10-02,2016-05-02
PETM,2012-10-05,2015-03-12
DG,2012-12-03,
GRMN,2012-12-12,
APTV,2012-12-24,
ABBV,2013-01-02,
PVH,2013-02-14,2022-09-19
REGN,2013-05-01,
MAC,2013-05-09,2019-12-23
KSU,2013-05-24,2021-12-14
GM,2013-06-07,
ZTS,2013-06-24,
NWSA,2013-07-01,
NLSN,2013-07-09,2022-10-12
DAL,2013-09-11,
AME,2013-09-23,
VRTX,2013-09-23,
RIG,2013-10-29,2017-07-26
KORS,2013-11-13,2018-09-19
ALLE,2013-12-02,
GGP,2013-12-10,2018-08-28
FB,2013-12-23,2022-06-09
MHK,2013-12-23,
ADS,2013-12-23,2020-06-22
TSCO,2014-01-24,
GMCR,2014-03-24,2016-03-03
ESS,2014-04-02,
GOOG,2014-04-03,
UAA,2014-05-01,2022-06-21
NAVI,2014-05-01,2018-06-05
AVGO,2014-05-08,
XEC,2014-06-20,2020-03-03
AMG,2014-07-01,2019-12-23
MLM,2014-07-02,
DISCK,2014-08-07,2022-04-11
MNK,2014-08-19,2017-07-26
URI,2014-09-22,
UHS,2014-09-22,
LVLT,2014-11-05,2017-10-13
RCL,2014-12-05,
HCA,2015-01-27,
ENDP,2015-01-27,2017-03-02
SWKS,2015-03-12,
HSIC,2015-03-18,
SLG,2015-03-23,2021-03-22
EQIX,2015-03-23,
HBI,2015-03-23,2021-12-20
AAL,2015-03-23,2024-09-23
O,2015-04-07,
QRVO,2015-06-12,2024-12-23
BXLT,2015-07-01,2016-06-03
JBHT,2015-07-01,
CPGX,2015-07-02,2016-07-01
WRK,2015-07-02,2024-07-08
KHC,2015-07-06,
AAP,2015-07-09,2023-08-25
PYPL,2015-07-20,
SIG,2015-07-29,2018-03-19
ATVI,2015-08-31,2023-10-18
UAL,2015-09-03,
FOX,2015-09-21,
NWS,2015-09-21,
CMCSK,2015-09-21,2015-12-14
VRSK,2015-10-08,
HPE,2015-11-02,
FCPT,2015-11-10,2015-11-17
SYF,2015-11-18,
ILMN,2015-11-19,2024-06-24
CSRA,2015-11-30,2018-04-04
CHD,2015-12-29,
CPRI,2016-01-04,2020-05-12
CCEP,2016-01-04,2016-05-31
WLTW,2016-01-05,2022-01-20
EXR,2016-01-19,
CFG,2016-02-01,
FRT,2016-02-01,
CXO,2016-02-22,2021-01-21
AWK,2016-03-04,
UDR,2016-03-07,
CNC,2016-03-30,
HOLX,2016-03-30,
FL,2016-04-04,2019-08-09
UA,2016-04-08,2022-06-21
ULTA,2016-04-18,
GPN,2016-04-25,
AYI,2016-05-03,2018-06-18
ALK,2016-05-13,2023-10-18
DLR,2016-05-18,
LKQ,2016-05-23,
AJG,2016-05-31,
TDG,2016-06-03,
FBHS,2016-06-24,2022-12-19
LNT,2016-07-01,
ALB,2016-07-01,
FTV,2016-07-05,
MTD,2016-09-06,
CHTR,2016-09-08,
COO,2016-09-23,
COTY,2016-10-03,2020-09-21
EVHC,2016-12-02,2018-10-11
MAA,2016-12-02,
IDXX,2017-01-05,
INCY,2017-02-28,
CBOE,2017-03-01,
REG,2017-03-02,
DISH,2017-03-13,2023-06-20
SNPS,2017-03-16,
RJF,2017-03-20,
AMD,2017-03-20,
ARE,2017-03-20,
DXC,2017-04-04,2023-10-02
IT,2017-04-05,
INFO,2017-06-02,2022-03-02
ANSS,2017-06-19,
HLT,2017-06-19,
ALGN,2017-06-19,
RE,2017-06-19,2023-06-10
AOS,2017-07-26,
DRE,2017-07-26,2022-10-03
RMD,2017-07-26,
MGM,2017-07-26,
PKG,2017-07-26,
BHF,2017-08-07,2019-04-02
IQV,2017-08-29,
SBAC,2017-09-01,
DWDP,2017-09-01,2019-06-03
CDNS,2017-09-18,
NCLH,2017-10-13,
HII,2018-01-03,
IPGP,2018-03-07,2022-06-21
TTWO,2018-03-19,
SIVB,2018-03-19,2023-03-15
NKTR,2018-03-19,2019-10-03
MSCI,2018-04-04,
ABMD,2018-05-31,2022-12-22
EVRG,2018-06-05,
TWTR,2018-06-07,2022-11-01
BR,2018-06-18,
HFC,2018-06-18,2021-06-04
FLT,2018-06-20,2024-03-25
CPRT,2018-07-02,
ANET,2018-08-28,
WCG,2018-09-17,2020-01-28
ROL,2018-10-01,
FTNT,2018-10-11,
LIN,2018-11-06,
KEYS,2018-11-06,
JKHY,2018-11-13,
FANG,2018-12-03,
MXIM,2018-12-03,2021-08-30
LW,2018-12-03,
CE,2018-12-24,2025-04-24
FRC,2019-01-02,2023-05-04
TFX,2019-01-18,2025-04-24
ATO,2019-02-15,
WAB,2019-02-27,
DOW,2019-04-02,
LHX,2019-06-01,
CTVA,2019-06-03,
DD,2019-06-03,
AMCR,2019-06-07,
MKTX,2019-07-01,
TMUS,2019-07-15,
GL,2019-08-08,
LDOS,2019-08-09,
IEX,2019-08-09,
CDW,2019-09-23,
NVR,2019-09-26,
LVS,2019-10-03,
BKR,2019-10-18,
PEAK,2019-11-05,2024-03-04
NLOK,2019-11-05,2022-11-08
NOW,2019-11-21,
WRB,2019-12-05,
VIAC,2019-12-05,2022-02-17
ODFL,2019-12-09,
TFC,2019-12-09,
J,2019-12-10,
ZBRA,2019-12-23,
STE,2019-12-23,
LYV,2019-12-23,
PAYC,2020-01-28,
TT,2020-03-03,
CARR,2020-04-03,
RTX,2020-04-03,
OTIS,2020-04-03,
HWM,2020-04-06,
DXCM,2020-05-12,
DPZ,2020-05-12,
WST,2020-05-22,
TYL,2020-06-22,
TDY,2020-06-22,
BIO,2020-06-22,2024-09-23
LUMN,2020-09-18,2023-03-20
TER,2020-09-21,
ETSY,2020-09-21,2024-09-23
CTLT,2020-09-21,2024-12-23
POOL,2020-10-07,
VNT,2020-10-12,2021-03-22
VTRS,2020-11-17,
TSLA,2020-12-21,
ENPH,2021-01-07,
TRMB,2021-01-21,
MPWR,2021-02-12,
NXPI,2021-03-22,
PENN,2021-03-22,2022-09-19
CZR,2021-03-22,
GNRC,2021-03-22,
PTC,2021-04-20,
CRL,2021-05-14,
OGN,2021-06-04,2023-10-18
MRNA,2021-07-21,
BBWI,2021-08-03,2024-10-01
TECH,2021-08-30,
CDAY,2021-09-20,2024-02-01
BRO,2021-09-20,
MTCH,2021-09-20,
CTRA,2021-10-04,
EPAM,2021-12-14,
SEDG,2021-12-20,2023-10-18
FDS,2021-12-20,
SBNY,2021-12-20,2023-03-15
WTW,2022-01-20,
CEG,2022-02-02,
NDSN,2022-02-15,
PARA,2022-02-17,
MOH,2022-03-02,
CPT,2022-04-04,
BALL,2022-05-10,
VICI,2022-06-08,
META,2022-06-09,
ON,2022-06-21,
KDP,2022-06-21,
ELV,2022-06-28,
INVH,2022-09-19,
CSGP,2022-09-19,
EQT,2022-10-03,
PCG,2022-10-03,
TRGP,2022-10-12,
ACGL,2022-11-01,
GEN,2022-11-08,
FSLR,2022-12-19,
STLD,2022-12-22,
GEHC,2023-01-04,
BG,2023-03-15,
PODD,2023-03-15,
FICO,2023-03-20,
AXON,2023-05-04,
RVTY,2023-05-16,
FI,2023-06-07,
EG,2023-06-10,
PANW,2023-06-20,
KVUE,2023-08-25,
COR,2023-08-30,
BX,2023-09-18,
ABNB,2023-09-18,
VLTO,2023-10-02,
BLDR,2023-10-18,
UBER,2023-10-18,
LULU,2023-10-18,
JBL,2023-10-18,
HUBB,2023-10-18,
DAY,2024-02-01,
DOC,2024-03-04,
DECK,2024-03-18,
SMCI,2024-03-18,
CPAY,2024-03-25,
SOLV,2024-04-03,
GEV,2024-04-03,
VST,2024-05-08,
GDDY,2024-06-24,
KKR,2024-06-24,
CRWD,2024-06-24,
SW,2024-07-08,
DELL,2024-09-23,
PLTR,2024-09-23,
ERIE,2024-09-23,
AMTM,2024-09-30,2024-12-23
TPL,2024-11-26,
WDAY,2024-12-23,
LII,2024-12-23,
APO,2024-12-23,
DASH,2025-04-24,
TKO,2025-04-24,
EXE,2025-04-24,
WSM,2025-04-24,
COIN,2025-05-19,
DDOG,2025-07-09,
